CREATE TABLE admin_users (
    id BIGINT GENERATED BY DEFAULT AS IDENTITY PRIMARY KEY,
    username VARCHAR(255) NOT NULL UNIQUE,
    password VARCHAR(255) NOT NULL,
    role VARCHAR(50) NOT NULL
);

CREATE TABLE categories (
    id BIGINT GENERATED BY DEFAULT AS IDENTITY PRIMARY KEY,
    name VARCHAR(255) NOT NULL UNIQUE
);

CREATE TABLE books (
    id BIGINT GENERATED BY DEFAULT AS IDENTITY PRIMARY KEY,
    title VARCHAR(255) NOT NULL,
    author_name VARCHAR(255) NOT NULL,
    cover_image VARCHAR(1024),
    about_description TEXT,
    author_true_story TEXT,
    difficulty_level VARCHAR(50),
    length_label VARCHAR(255),
    language_tone VARCHAR(255),
    what_to_expect TEXT,
    how_not_to_judge TEXT,
    expected_outcome TEXT,
    expected_time_investment DOUBLE PRECISION,
    our_rating INTEGER,
    verdict VARCHAR(50),
    confidence_percentage INTEGER,
    estimated_roi VARCHAR(255),
    created_at TIMESTAMP DEFAULT CURRENT_TIMESTAMP,
    updated_at TIMESTAMP DEFAULT CURRENT_TIMESTAMP
);

CREATE TABLE book_categories (
    book_id BIGINT NOT NULL REFERENCES books(id) ON DELETE CASCADE,
    category_id BIGINT NOT NULL REFERENCES categories(id) ON DELETE CASCADE,
    PRIMARY KEY (book_id, category_id)
);

CREATE TABLE book_verdict_reasons (
    book_id BIGINT NOT NULL REFERENCES books(id) ON DELETE CASCADE,
    reason TEXT
);

CREATE TABLE external_links (
    id BIGINT GENERATED BY DEFAULT AS IDENTITY PRIMARY KEY,
    book_id BIGINT REFERENCES books(id) ON DELETE CASCADE,
    label VARCHAR(255) NOT NULL,
    url VARCHAR(1024) NOT NULL
);

CREATE TABLE feedback (
    id BIGINT GENERATED BY DEFAULT AS IDENTITY PRIMARY KEY,
    name VARCHAR(255),
    email VARCHAR(255),
    message TEXT NOT NULL,
    submitted_at TIMESTAMP DEFAULT CURRENT_TIMESTAMP
);

-- Seed Admin User (password is 'admin' hashed with BCrypt)
INSERT INTO admin_users (username, password, role) VALUES ('admin', '$2a$10$wTf2WcW.4r.V0tZg7NnU2OTe2vK5E1kS9hE2/w6v.S.V0tZg7NnU2', 'ROLE_ADMIN');

-- Seed Data
INSERT INTO categories (id, name) VALUES (1, 'Business'), (2, 'Philosophy'), (3, 'Fiction'), (4, 'Self-Help'), (5, 'History');

-- Book 1
INSERT INTO books (id, title, author_name, cover_image, about_description, author_true_story, difficulty_level, length_label, language_tone, what_to_expect, how_not_to_judge, expected_outcome, expected_time_investment, our_rating, verdict, confidence_percentage, estimated_roi)
VALUES (1, 'Atomic Habits', 'James Clear', 'https://m.media-amazon.com/images/I/81bGKUa1e0L._AC_UF1000,1000_QL80_.jpg', 'A comprehensive, practical guide on how to change your habits and get 1% better every day.', 'James Clear was severely injured in a baseball accident in high school. His recovery forced him to rely on small, daily habits to rebuild his life.', 'EASY', '320 pages', 'Actionable, Clear, Direct', 'Actionable advice, clear frameworks, real-world examples.', 'Do not judge it as just another motivation book; it is a systems-design manual for human behavior.', 'You will walk away with a functional system to build good habits and break bad ones.', 6.5, 5, 'YES', 95, 'High - saves hours of wasted effort');
INSERT INTO book_categories (book_id, category_id) VALUES (1, 4), (1, 1);
INSERT INTO book_verdict_reasons (book_id, reason) VALUES (1, 'Highly practical frameworks that actually work in real life.');
INSERT INTO book_verdict_reasons (book_id, reason) VALUES (1, 'Avoids fluff and gets straight to the point.');
INSERT INTO external_links (book_id, label, url) VALUES (1, 'Amazon', 'https://www.amazon.com/Atomic-Habits-Proven-Build-Break/dp/0735211299');

-- Book 2
INSERT INTO books (id, title, author_name, cover_image, about_description, author_true_story, difficulty_level, length_label, language_tone, what_to_expect, how_not_to_judge, expected_outcome, expected_time_investment, our_rating, verdict, confidence_percentage, estimated_roi)
VALUES (2, 'Thinking, Fast and Slow', 'Daniel Kahneman', 'https://m.media-amazon.com/images/I/71f6Dcg9ENL._AC_UF1000,1000_QL80_.jpg', 'A deep dive into the two systems that drive the way we think—System 1 (fast, intuitive, emotional) and System 2 (slower, more deliberative, and more logical).', 'Daniel Kahneman won the Nobel Prize in Economic Sciences despite being a psychologist by training, largely for the work detailed in this book.', 'CHALLENGING', '499 pages', 'Academic, Dense, Fascinating', 'Dense psychological studies, statistical concepts, deep insights into human error.', 'Do not expect a light beach read; it requires active concentration.', 'You will recognize cognitive biases in yourself and others.', 15.0, 4, 'CONDITIONAL', 80, 'Moderate - fundamental knowledge but takes effort');
INSERT INTO book_categories (book_id, category_id) VALUES (2, 1), (2, 2);
INSERT INTO book_verdict_reasons (book_id, reason) VALUES (2, 'Incredible insights into human psychology.');
INSERT INTO book_verdict_reasons (book_id, reason) VALUES (2, 'Can be very dry and academic at times.');
INSERT INTO external_links (book_id, label, url) VALUES (2, 'Amazon', 'https://www.amazon.com/Thinking-Fast-Slow-Daniel-Kahneman/dp/0374533555');

-- Book 3
INSERT INTO books (id, title, author_name, cover_image, about_description, author_true_story, difficulty_level, length_label, language_tone, what_to_expect, how_not_to_judge, expected_outcome, expected_time_investment, our_rating, verdict, confidence_percentage, estimated_roi)
VALUES (3, 'The Subtle Art of Not Giving a F*ck', 'Mark Manson', 'https://m.media-amazon.com/images/I/71QKQ9mwV7L._AC_UF1000,1000_QL80_.jpg', 'A counterintuitive approach to living a good life by embracing negative experiences and choosing what truly matters.', 'Mark Manson started as a dating coach and blogger before evolving into a personal development author.', 'EASY', '224 pages', 'Irreverent, Conversational, Profane', 'Humorous anecdotes, stoic philosophy packaged for the modern reader, strong language.', 'Do not dismiss it because of the title; it is actually a surprisingly thoughtful book on Stoicism.', 'You will learn how to prioritize your values and ignore the noise.', 4.5, 4, 'YES', 90, 'High - rapid shift in perspective');
INSERT INTO book_categories (book_id, category_id) VALUES (3, 4);
INSERT INTO book_verdict_reasons (book_id, reason) VALUES (3, 'A refreshing break from toxic positivity.');
INSERT INTO book_verdict_reasons (book_id, reason) VALUES (3, 'Quick read that forces you to evaluate your priorities.');
INSERT INTO external_links (book_id, label, url) VALUES (3, 'Amazon', 'https://www.amazon.com/Subtle-Art-Not-Giving-Counterintuitive/dp/0062457713');

-- Book 4
INSERT INTO books (id, title, author_name, cover_image, about_description, author_true_story, difficulty_level, length_label, language_tone, what_to_expect, how_not_to_judge, expected_outcome, expected_time_investment, our_rating, verdict, confidence_percentage, estimated_roi)
VALUES (4, 'Dune', 'Frank Herbert', 'https://m.media-amazon.com/images/I/81ym3QUd3KL._AC_UF1000,1000_QL80_.jpg', 'A sweeping epic of political intrigue, religion, and ecology set on a desert planet.', 'Frank Herbert was a journalist who researched sand dunes for a magazine article, which evolved into a multi-decade obsession resulting in Dune.', 'CHALLENGING', '896 pages', 'Epic, Atmospheric, Complex', 'Deep world-building, philosophical musings, complex political plots.', 'Do not expect a fast-paced action movie; it is a slow burn.', 'An appreciation for one of the foundational texts of modern science fiction.', 25.0, 5, 'YES', 95, 'High - profound cultural literacy');
INSERT INTO book_categories (book_id, category_id) VALUES (4, 3);
INSERT INTO book_verdict_reasons (book_id, reason) VALUES (4, 'Unmatched world-building and scale.');
INSERT INTO book_verdict_reasons (book_id, reason) VALUES (4, 'Explores timeless themes of power and ecology.');
INSERT INTO external_links (book_id, label, url) VALUES (4, 'Amazon', 'https://www.amazon.com/Dune-Frank-Herbert/dp/0441172717');

-- Book 5
INSERT INTO books (id, title, author_name, cover_image, about_description, author_true_story, difficulty_level, length_label, language_tone, what_to_expect, how_not_to_judge, expected_outcome, expected_time_investment, our_rating, verdict, confidence_percentage, estimated_roi)
VALUES (5, 'Sapiens: A Brief History of Humankind', 'Yuval Noah Harari', 'https://m.media-amazon.com/images/I/713jIoMO3UL._AC_UF1000,1000_QL80_.jpg', 'Explores the history of the human species from the Stone Age up to the twenty-first century.', 'Harari originally published this in Hebrew, and its massive success led to its translation into over 60 languages.', 'MODERATE', '464 pages', 'Engaging, Broad, Thought-Provoking', 'Sweeping historical narratives, challenging assertions about human nature.', 'Do not treat it as a peer-reviewed historical text; it is a synthesis of many fields meant to provoke thought.', 'A unified view of human history and our place in the world.', 12.0, 5, 'YES', 85, 'High - completely changes how you view society');
INSERT INTO book_categories (book_id, category_id) VALUES (5, 5);
INSERT INTO book_verdict_reasons (book_id, reason) VALUES (5, 'Brilliantly connects distinct periods of history.');
INSERT INTO book_verdict_reasons (book_id, reason) VALUES (5, 'Provides a macro-perspective on humanity.');
INSERT INTO external_links (book_id, label, url) VALUES (5, 'Amazon', 'https://www.amazon.com/Sapiens-Humankind-Yuval-Noah-Harari/dp/0062316095');

-- Book 6
INSERT INTO books (id, title, author_name, cover_image, about_description, author_true_story, difficulty_level, length_label, language_tone, what_to_expect, how_not_to_judge, expected_outcome, expected_time_investment, our_rating, verdict, confidence_percentage, estimated_roi)
VALUES (6, 'The 4-Hour Workweek', 'Timothy Ferriss', 'https://m.media-amazon.com/images/I/81qW97ndkvL._AC_UF1000,1000_QL80_.jpg', 'A guide to escaping the 9-5 grind and living anywhere by building automated income streams.', 'Ferriss was dangerously overworked running a supplement company when he developed these principles out of pure necessity.', 'EASY', '396 pages', 'Enthusiastic, Entrepreneurial, Dated', 'Tactics for outsourcing, time management hacks, lifestyle design philosophy.', 'Do not take the "4 hours" literally; it is about maximizing leverage, not avoiding work altogether.', 'You will question traditional career paths and learn some useful efficiency hacks.', 8.0, 3, 'NO', 70, 'Low - mostly outdated tactics');
INSERT INTO book_categories (book_id, category_id) VALUES (6, 1);
INSERT INTO book_verdict_reasons (book_id, reason) VALUES (6, 'The specific tools and tactics are heavily outdated.');
INSERT INTO book_verdict_reasons (book_id, reason) VALUES (6, 'The core mindset shift is valuable, but better covered elsewhere now.');
INSERT INTO external_links (book_id, label, url) VALUES (6, 'Amazon', 'https://www.amazon.com/4-Hour-Workweek-Escape-Live-Anywhere/dp/0307465357');

-- Book 7
INSERT INTO books (id, title, author_name, cover_image, about_description, author_true_story, difficulty_level, length_label, language_tone, what_to_expect, how_not_to_judge, expected_outcome, expected_time_investment, our_rating, verdict, confidence_percentage, estimated_roi)
VALUES (7, 'Meditations', 'Marcus Aurelius', 'https://m.media-amazon.com/images/I/81c2P6Bbn8L._AC_UF1000,1000_QL80_.jpg', 'The personal journal of a Roman Emperor, detailing his thoughts on Stoic philosophy.', 'Aurelius never intended for these notes to be published; they were his private reflections while on military campaigns.', 'MODERATE', '254 pages', 'Reflective, Aphoristic, Ancient', 'Short philosophical passages, reflections on death, duty, and emotional control.', 'Do not expect a structured treatise; it is a collection of fragmented thoughts.', 'A robust mental framework for dealing with adversity.', 6.0, 5, 'YES', 95, 'High - timeless wisdom for daily life');
INSERT INTO book_categories (book_id, category_id) VALUES (7, 2);
INSERT INTO book_verdict_reasons (book_id, reason) VALUES (7, 'Provides immense perspective on human struggles.');
INSERT INTO book_verdict_reasons (book_id, reason) VALUES (7, 'Short passages make it easy to digest slowly.');
INSERT INTO external_links (book_id, label, url) VALUES (7, 'Amazon', 'https://www.amazon.com/Meditations-New-Translation-Marcus-Aurelius/dp/0812968255');

-- Book 8
INSERT INTO books (id, title, author_name, cover_image, about_description, author_true_story, difficulty_level, length_label, language_tone, what_to_expect, how_not_to_judge, expected_outcome, expected_time_investment, our_rating, verdict, confidence_percentage, estimated_roi)
VALUES (8, 'Project Hail Mary', 'Andy Weir', 'https://m.media-amazon.com/images/I/811mXzGeE2L._AC_UF1000,1000_QL80_.jpg', 'A lone astronaut must save the Earth from disaster in this hard science fiction thriller.', 'Weir wrote The Martian as a blog serial before it became a massive hit; this book returns to that hard-science focus.', 'EASY', '496 pages', 'Fast-Paced, Scientific, Optimistic', 'Lots of math and physics problem-solving, witty inner monologue, thrilling pacing.', 'Do not be intimidated by the science; it is explained clearly and serves the plot.', 'A thrilling, fun ride that makes you appreciate science.', 14.0, 4, 'CONDITIONAL', 85, 'Moderate - highly entertaining if you like hard sci-fi');
INSERT INTO book_categories (book_id, category_id) VALUES (8, 3);
INSERT INTO book_verdict_reasons (book_id, reason) VALUES (8, 'Incredibly engaging problem-solving narrative.');
INSERT INTO book_verdict_reasons (book_id, reason) VALUES (8, 'The protagonist''s voice can feel grating to some readers.');
INSERT INTO external_links (book_id, label, url) VALUES (8, 'Amazon', 'https://www.amazon.com/Project-Hail-Mary-Andy-Weir/dp/0593135202');

